{"mu": [44.46532375, 124.3866475, 105.00787875, 117.29020125], "sd": [23.08981531935997, 66.39616902935606, 27.071783839953156, 24.500008873417617]}